GetUgcReq,6326
GetUgcRsp,6318
GetUgcBriefInfoReq,6325
GetUgcBriefInfoRsp,6307
SaveUgcReq,6329
SaveUgcRsp,6322
PublishUgcReq,6344
PublishUgcRsp,6349
CheckUgcUpdateReq,6320
CheckUgcUpdateRsp,6345
UgcNotify,6341
CheckUgcStateReq,6342
CheckUgcStateRsp,6314
WatcherAllDataNotify,2272
WatcherChangeNotify,2298
WatcherEventNotify,2212
WatcherEventTypeNotify,2235
WatcherEventStageNotify,2207
PushTipsAllDataNotify,2222
PushTipsChangeNotify,2265
PushTipsReadFinishReq,2204
PushTipsReadFinishRsp,2293
GetPushTipsRewardReq,2227
GetPushTipsRewardRsp,2294
PlayerOfferingDataNotify,2923
PlayerOfferingReq,2907
PlayerOfferingRsp,2917
TakeOfferingLevelRewardReq,2919
TakeOfferingLevelRewardRsp,2911
OfferingInteractReq,2918
OfferingInteractRsp,2908
CodexDataFullNotify,4205
CodexDataUpdateNotify,4207
QueryCodexMonsterBeKilledNumReq,4203
QueryCodexMonsterBeKilledNumRsp,4209
ViewCodexReq,4202
ViewCodexRsp,4201
SetCodexPushtipsReadReq,4208
SetCodexPushtipsReadRsp,4206
GetAllH5ActivityInfoReq,5668
GetAllH5ActivityInfoRsp,5676
H5ActivityIdsNotify,5675
SetH5ActivityRedDotTimestampReq,5657
SetH5ActivityRedDotTimestampRsp,5652
DraftOwnerStartInviteReq,5412
DraftOwnerStartInviteRsp,5435
DraftOwnerInviteNotify,5407
DraftGuestReplyInviteReq,5421
DraftGuestReplyInviteRsp,5403
DraftGuestReplyInviteNotify,5490
DraftInviteResultNotify,5473
DraftOwnerTwiceConfirmNotify,5499
DraftGuestReplyTwiceConfirmReq,5431
DraftGuestReplyTwiceConfirmRsp,5475
DraftTwiceConfirmResultNotify,5448
DraftGuestReplyTwiceConfirmNotify,5497
OpActivityStateNotify,2572
SignInInfoReq,2512
SignInInfoRsp,2535
GetSignInRewardReq,2507
GetSignInRewardRsp,2521
BonusActivityUpdateNotify,2575
BonusActivityInfoReq,2548
BonusActivityInfoRsp,2597
GetBonusActivityRewardReq,2581
GetBonusActivityRewardRsp,2505
PlayerEnterSceneNotify,272
LeaveSceneReq,298
LeaveSceneRsp,212
SceneInitFinishReq,235
SceneInitFinishRsp,207
SceneEntityAppearNotify,221
SceneEntityDisappearNotify,203
SceneEntityMoveReq,290
SceneEntityMoveRsp,273
SceneAvatarStaminaStepReq,299
SceneAvatarStaminaStepRsp,231
SceneEntityMoveNotify,275
ScenePlayerLocationNotify,248
GetScenePointReq,297
GetScenePointRsp,281
EnterTransPointRegionNotify,205
ExitTransPointRegionNotify,282
ScenePointUnlockNotify,247
SceneTransToPointReq,239
SceneTransToPointRsp,253
EntityJumpNotify,222
GetSceneAreaReq,265
GetSceneAreaRsp,204
SceneAreaUnlockNotify,293
SceneEntityDrownReq,227
SceneEntityDrownRsp,294
SceneCreateEntityReq,288
SceneCreateEntityRsp,226
SceneDestroyEntityReq,263
SceneDestroyEntityRsp,295
SceneForceUnlockNotify,206
SceneForceLockNotify,234
EnterWorldAreaReq,250
EnterWorldAreaRsp,243
EntityForceSyncReq,274
EntityForceSyncRsp,276
GetAreaExplorePointReq,241
GetAreaExplorePointRsp,249
ClientTransmitReq,291
ClientTransmitRsp,224
EnterSceneWeatherAreaNotify,256
ExitSceneWeatherAreaNotify,242
SceneAreaWeatherNotify,230
ScenePlayerInfoNotify,267
WorldPlayerLocationNotify,258
BeginCameraSceneLookNotify,270
EndCameraSceneLookNotify,217
MarkEntityInMinMapNotify,202
UnmarkEntityInMinMapNotify,219
ExecuteGroupTriggerReq,257
ExecuteGroupTriggerRsp,300
LevelupCityReq,216
LevelupCityRsp,287
SceneRouteChangeNotify,240
PlatformStartRouteNotify,218
PlatformStopRouteNotify,266
PlatformChangeRouteNotify,268
ScenePlayerSoundNotify,233
PersonalSceneJumpReq,284
PersonalSceneJumpRsp,280
SealBattleBeginNotify,289
SealBattleEndNotify,259
SealBattleProgressNotify,232
ClientPauseNotify,260
PlayerEnterSceneInfoNotify,214
JoinPlayerSceneReq,292
JoinPlayerSceneRsp,220
SceneKickPlayerReq,264
SceneKickPlayerRsp,238
SceneKickPlayerNotify,211
HitClientTrivialNotify,244
BackMyWorldReq,286
BackMyWorldRsp,201
SeeMonsterReq,228
SeeMonsterRsp,251
AddSeenMonsterNotify,223
AllSeenMonsterNotify,271
SceneTimeNotify,245
EnterSceneReadyReq,208
EnterSceneReadyRsp,209
EnterScenePeerNotify,252
EnterSceneDoneReq,277
EnterSceneDoneRsp,237
WorldPlayerDieNotify,285
WorldPlayerReviveReq,225
WorldPlayerReviveRsp,278
JoinPlayerFailNotify,236
SetSceneWeatherAreaReq,254
SetSceneWeatherAreaRsp,283
ExecuteGadgetLuaReq,269
ExecuteGadgetLuaRsp,210
CutSceneBeginNotify,296
CutSceneFinishNotify,262
CutSceneEndNotify,215
ClientScriptEventNotify,213
ClientSetGameTimeReq,108
ClientSetGameTimeRsp,166
SceneEntitiesMovesReq,279
SceneEntitiesMovesRsp,255
SceneEntitiesMoveCombineNotify,3387
UnlockTransPointReq,3035
UnlockTransPointRsp,3426
SceneWeatherForcastReq,3110
SceneWeatherForcastRsp,3012
MarkMapReq,3466
MarkMapRsp,3079
AllMarkPointNotify,3283
WorldDataNotify,3308
EntityMoveRoomNotify,3178
WorldPlayerInfoNotify,3116
PostEnterSceneReq,3312
PostEnterSceneRsp,3184
PlayerChatReq,3185
PlayerChatRsp,3228
PlayerChatNotify,3010
PlayerChatCDNotify,3367
ChatHistoryNotify,3496
SceneDataNotify,3203
DungeonEntryToBeExploreNotify,3147
GetDungeonEntryExploreConditionReq,3165
GetDungeonEntryExploreConditionRsp,3269
UnfreezeGroupLimitNotify,3220
SetEntityClientDataNotify,3146
GroupSuiteNotify,3257
GroupUnloadNotify,3344
MonsterAIConfigHashNotify,3039
ShowTemplateReminderNotify,3491
ShowCommonTipsNotify,3352
CloseCommonTipsNotify,3194
ChangeWorldToSingleModeNotify,3006
SyncScenePlayTeamEntityNotify,3333
DelScenePlayTeamEntityNotify,3318
PlayerEyePointStateNotify,3051
GetMapMarkTipsReq,3463
GetMapMarkTipsRsp,3327
ChangeWorldToSingleModeReq,3066
ChangeWorldToSingleModeRsp,3282
GetWorldMpInfoReq,3391
GetWorldMpInfoRsp,3320
EntityConfigHashNotify,3189
ForceDragAvatarNotify,3235
MonsterPointArrayRouteUpdateNotify,3410
ForceDragBackTransferNotify,3145
GetScenePerformanceReq,3419
GetScenePerformanceRsp,3137
SceneAudioNotify,3166
HitTreeNotify,3019
EntityTagChangeNotify,3316
AvatarFollowRouteNotify,3458
SceneEntityUpdateNotify,3412
ClientHashDebugNotify,3086
PlayerWorldSceneInfoListNotify,3129
LuaEnvironmentEffectNotify,3408
ClientLoadingCostumeVerificationNotify,3487
ShowClientGuideNotify,3005
ShowClientTutorialNotify,3305
GetMapAreaReq,3108
GetMapAreaRsp,3328
MapAreaChangeNotify,3378
LeaveWorldNotify,3017
GuestBeginEnterSceneNotify,3031
GuestPostEnterSceneNotify,3144
LevelTagDataNotify,3314
StopReminderNotify,3004
AreaPlayInfoNotify,3323
CheckGroupReplacedReq,3113
CheckGroupReplacedRsp,3152
DeathZoneObserveNotify,3475
WorldChestOpenNotify,3295
WidgetQuickHitTreeReq,3345
WidgetQuickHitTreeRsp,3336
BeginCameraSceneLookWithTemplateNotify,3160
RefreshEntityAuthNotify,3259
ScenePlayerBackgroundAvatarRefreshNotify,3274
AnchorPointDataNotify,4276
AnchorPointOpReq,4257
AnchorPointOpRsp,4252
SetUpLunchBoxWidgetReq,4272
SetUpLunchBoxWidgetRsp,4294
QuickUseWidgetReq,4299
QuickUseWidgetRsp,4270
WidgetCoolDownNotify,4295
WidgetReportReq,4291
WidgetReportRsp,4292
ClientCollectorDataNotify,4264
OneoffGatherPointDetectorDataNotify,4297
SkyCrystalDetectorDataUpdateNotify,4287
TreasureMapDetectorDataNotify,4300
SetWidgetSlotReq,4259
SetWidgetSlotRsp,4277
WidgetSlotChangeNotify,4267
GetWidgetSlotReq,4253
GetWidgetSlotRsp,4254
AllWidgetDataNotify,4271
UseWidgetCreateGadgetReq,4293
UseWidgetCreateGadgetRsp,4290
UseWidgetRetractGadgetReq,4286
UseWidgetRetractGadgetRsp,4261
WidgetGadgetAllDataNotify,4284
WidgetGadgetDataNotify,4266
WidgetGadgetDestroyNotify,4274
WidgetDoBagReq,4255
WidgetDoBagRsp,4296
WidgetActiveChangeNotify,4280
WidgetUseAttachAbilityGroupChangeNotify,4258
WidgetCaptureAnimalReq,4256
WidgetCaptureAnimalRsp,4289
WidgetUpdateExtraCDReq,5960
WidgetUpdateExtraCDRsp,6056
FireworksReformDataNotify,6033
ReformFireworksReq,6036
ReformFireworksRsp,5929
LaunchFireworksReq,6090
LaunchFireworksRsp,6057
FireworksLaunchDataNotify,5928
ChangeWidgetBackgroundActiveStateReq,5907
ChangeWidgetBackgroundActiveStateRsp,6060
AllWidgetBackgroundActiveStateNotify,6092
RemotePlayerWidgetNotify,5995
WidgetWeatherWizardDataNotify,5942
GetOpActivityInfoReq,5172
GetOpActivityInfoRsp,5198
OpActivityDataNotify,5112
OpActivityUpdateNotify,5135
GetPlayerTokenReq,172
GetPlayerTokenRsp,198
PlayerLoginReq,112
PlayerLoginRsp,135
PlayerLogoutReq,107
PlayerLogoutRsp,121
PlayerLogoutNotify,103
PlayerDataNotify,190
ChangeGameTimeReq,173
ChangeGameTimeRsp,199
PlayerGameTimeNotify,131
PlayerPropNotify,175
ClientTriggerEventNotify,148
SetPlayerPropReq,197
SetPlayerPropRsp,181
SetPlayerBornDataReq,105
SetPlayerBornDataRsp,182
DoSetPlayerBornDataNotify,147
PlayerPropChangeNotify,139
SetPlayerNameReq,153
SetPlayerNameRsp,122
SetOpenStateReq,165
SetOpenStateRsp,104
OpenStateUpdateNotify,193
OpenStateChangeNotify,127
PlayerCookReq,194
PlayerCookRsp,188
PlayerRandomCookReq,126
PlayerRandomCookRsp,163
CookDataNotify,195
CookRecipeDataNotify,106
CookGradeDataNotify,134
PlayerCompoundMaterialReq,150
PlayerCompoundMaterialRsp,143
TakeCompoundOutputReq,174
TakeCompoundOutputRsp,176
CompoundDataNotify,146
GetCompoundDataReq,141
GetCompoundDataRsp,149
PlayerTimeNotify,191
PlayerSetPauseReq,124
PlayerSetPauseRsp,156
PlayerSetLanguageReq,142
PlayerSetLanguageRsp,130
DataResVersionNotify,167
DailyTaskDataNotify,158
DailyTaskProgressNotify,170
DailyTaskScoreRewardNotify,117
WorldOwnerDailyTaskNotify,102
AddRandTaskInfoNotify,119
RemoveRandTaskInfoNotify,161
TakePlayerLevelRewardReq,129
TakePlayerLevelRewardRsp,157
PlayerLevelRewardUpdateNotify,200
GivingRecordNotify,116
GivingRecordChangeNotify,187
ItemGivingReq,140
ItemGivingRsp,118
PlayerCookArgsReq,166
PlayerCookArgsRsp,168
PlayerLuaShellNotify,133
ServerDisconnectClientNotify,184
AntiAddictNotify,180
PlayerForceExitReq,189
PlayerForceExitRsp,159
PlayerInjectFixNotify,132
TaskVarNotify,160
ClientLockGameTimeNotify,114
GetNextResourceInfoReq,192
GetNextResourceInfoRsp,120
AdjustWorldLevelReq,164
AdjustWorldLevelRsp,138
DailyTaskFilterCityReq,111
DailyTaskFilterCityRsp,144
DailyTaskUnlockedCitiesNotify,186
ExclusiveRuleNotify,101
CompoundUnlockNotify,128
GetGameplayRecommendationReq,151
GetGameplayRecommendationRsp,123
GetGameTimeLockedQuestListReq,110
GetGameTimeLockedQuestListRsp,109
TakeBackGivingItemReq,171
TakeBackGivingItemRsp,145
PlayerNicknameAuditDataNotify,108
PlayerNicknameNotify,109
NicknameAuditConfigNotify,152
ReadNicknameAuditReq,177
ReadNicknameAuditRsp,137
PlayerCompoundMaterialBoostReq,185
PlayerCompoundMaterialBoostRsp,125
PlayerGameTimeByLuaNotify,178
PlayerIpRegionNotify,136
KeepAliveNotify,72
GmTalkReq,98
GmTalkRsp,12
ShowMessageNotify,35
PingReq,7
PingRsp,21
GetOnlinePlayerListReq,90
GetOnlinePlayerListRsp,73
ServerTimeNotify,99
ServerLogNotify,31
ClientReconnectNotify,75
RobotPushPlayerDataNotify,97
ClientReportNotify,81
UnionCmdNotify,5
Unk3400_CAFAPMPMBPO,6124
Unk3400_LHLMFNDCMDE,4156
GetOnlinePlayerInfoReq,82
GetOnlinePlayerInfoRsp,47
CheckSegmentCRCNotify,39
CheckSegmentCRCReq,53
WorldPlayerRTTNotify,22
EchoNotify,65
UpdateRedPointNotify,93
ClientBulletCreateNotify,4
ChangeServerGlobalValueNotify,27
GmTalkNotify,94
LastPacketPrintNotify,88
MonsterSummonTagNotify,1372
NormalUidOpNotify,5726
ServerMessageNotify,5718
AranaraCollectionDataNotify,6376
AddAranaraCollectionNotify,6368
CataLogFinishedGlobalWatcherAllDataNotify,6370
CataLogNewFinishedGlobalWatcherNotify,6395
UseMiracleRingReq,5226
UseMiracleRingRsp,5218
MiracleRingDataNotify,5225
MiracleRingTakeRewardReq,5207
MiracleRingTakeRewardRsp,5202
MiracleRingDropResultNotify,5231
MiracleRingDeliverItemReq,5229
MiracleRingDeliverItemRsp,5222
MiracleRingDestroyNotify,5244
NpcTalkReq,572
NpcTalkRsp,598
GetSceneNpcPositionReq,535
GetSceneNpcPositionRsp,507
MetNpcIdListNotify,521
MeetNpcReq,503
MeetNpcRsp,590
FinishedTalkIdListNotify,573
PlayerStoreNotify,672
StoreWeightLimitNotify,698
StoreItemChangeNotify,612
StoreItemDelNotify,635
ItemAddHintNotify,607
UseItemReq,690
UseItemRsp,673
DropItemReq,699
DropItemRsp,631
WearEquipReq,697
WearEquipRsp,681
TakeoffEquipReq,605
TakeoffEquipRsp,682
AvatarEquipChangeNotify,647
WeaponUpgradeReq,639
WeaponUpgradeRsp,653
WeaponPromoteReq,622
WeaponPromoteRsp,665
ReliquaryUpgradeReq,604
ReliquaryUpgradeRsp,693
ReliquaryPromoteReq,627
ReliquaryPromoteRsp,694
AvatarCardChangeReq,688
AvatarCardChangeRsp,626
GrantRewardNotify,663
WeaponAwakenReq,695
WeaponAwakenRsp,606
ItemCdGroupTimeNotify,634
DropHintNotify,650
CombineReq,643
CombineRsp,674
ForgeQueueDataNotify,676
ForgeGetQueueDataReq,646
ForgeGetQueueDataRsp,641
ForgeStartReq,649
ForgeStartRsp,691
ForgeQueueManipulateReq,624
ForgeQueueManipulateRsp,656
ResinChangeNotify,642
BuyResinReq,602
BuyResinRsp,619
MaterialDeleteReturnNotify,661
TakeMaterialDeleteReturnReq,629
TakeMaterialDeleteReturnRsp,657
MaterialDeleteUpdateNotify,700
McoinExchangeHcoinReq,616
McoinExchangeHcoinRsp,687
DestroyMaterialReq,640
DestroyMaterialRsp,618
SetEquipLockStateReq,666
SetEquipLockStateRsp,668
CalcWeaponUpgradeReturnItemsReq,633
CalcWeaponUpgradeReturnItemsRsp,684
ForgeDataNotify,680
ForgeFormulaDataNotify,689
CombineDataNotify,659
CombineFormulaDataNotify,632
ClosedItemNotify,614
CheckAddItemExceedLimitNotify,692
SetIsAutoUnlockSpecificEquipReq,620
SetIsAutoUnlockSpecificEquipRsp,664
ReliquaryDecomposeReq,638
ReliquaryDecomposeRsp,611
ReliquaryFilterStateSaveNotify,644
ReliquaryFilterStateNotify,686
RechargeReq,4126
RechargeRsp,4118
OrderFinishNotify,4125
CardProductRewardNotify,4107
PlayerRechargeDataNotify,4102
OrderDisplayNotify,4131
ReportTrackingIOInfoNotify,4129
TakeResinCardDailyRewardReq,4122
TakeResinCardDailyRewardRsp,4144
ResinCardDataUpdateNotify,4149
AchievementAllDataNotify,2676
AchievementUpdateNotify,2668
TakeAchievementRewardReq,2675
TakeAchievementRewardRsp,2657
TakeAchievementGoalRewardReq,2652
TakeAchievementGoalRewardRsp,2681
EvtBeingHitNotify,372
EvtAnimatorParameterNotify,398
HostPlayerNotify,312
EvtDoSkillSuccNotify,335
EvtCreateGadgetNotify,307
EvtDestroyGadgetNotify,321
EvtFaceToEntityNotify,303
EvtFaceToDirNotify,390
EvtCostStaminaNotify,373
EvtSetAttackTargetNotify,399
EvtAnimatorStateChangedNotify,331
EvtRushMoveNotify,375
EvtBulletHitNotify,348
EvtBulletDeactiveNotify,397
EvtEntityStartDieEndNotify,381
EvtBulletMoveNotify,365
EvtAvatarEnterFocusNotify,304
EvtAvatarExitFocusNotify,393
EvtAvatarUpdateFocusNotify,327
EntityAuthorityChangeNotify,394
AvatarBuffAddNotify,388
AvatarBuffDelNotify,326
MonsterAlertChangeNotify,363
MonsterForceAlertNotify,395
AvatarEnterElementViewNotify,334
TriggerCreateGadgetToEquipPartNotify,350
EvtEntityRenderersChangedNotify,343
AnimatorForceSetAirMoveNotify,374
EvtAiSyncSkillCdNotify,376
EvtBeingHitsCombineNotify,346
EvtAvatarSitDownNotify,324
EvtAvatarStandUpNotify,356
CreateMassiveEntityReq,342
CreateMassiveEntityRsp,330
CreateMassiveEntityNotify,367
DestroyMassiveEntityNotify,358
MassiveEntityStateChangedNotify,370
SyncTeamEntityNotify,317
DelTeamEntityNotify,302
CombatInvocationsNotify,319
ServerBuffChangeNotify,361
EvtAiSyncCombatThreatInfoNotify,329
MassiveEntityElementOpBatchNotify,357
EntityAiSyncNotify,400
LuaSetOptionNotify,316
EvtDestroyServerGadgetNotify,387
EntityAiKillSelfNotify,340
EvtAvatarLockChairReq,318
EvtAvatarLockChairRsp,366
ReportFightAntiCheatNotify,368
EvtBeingHealedNotify,333
EvtLocalGadgetOwnerLeaveSceneNotify,384
GetPlayerFriendListReq,4072
GetPlayerFriendListRsp,4098
AskAddFriendReq,4007
AskAddFriendRsp,4021
DealAddFriendReq,4003
DealAddFriendRsp,4090
GetPlayerSocialDetailReq,4073
GetPlayerSocialDetailRsp,4099
DeleteFriendReq,4031
DeleteFriendRsp,4075
SetPlayerBirthdayReq,4048
SetPlayerBirthdayRsp,4097
SetPlayerSignatureReq,4081
SetPlayerSignatureRsp,4005
SetPlayerHeadImageReq,4082
SetPlayerHeadImageRsp,4047
UpdatePS4FriendListNotify,4039
DeleteFriendNotify,4053
AddFriendNotify,4022
AskAddFriendNotify,4065
SetNameCardReq,4004
SetNameCardRsp,4093
GetAllUnlockNameCardReq,4027
GetAllUnlockNameCardRsp,4094
AddBlacklistReq,4088
AddBlacklistRsp,4026
RemoveBlacklistReq,4063
RemoveBlacklistRsp,4095
UnlockNameCardNotify,4006
GetRecentMpPlayerListReq,4034
GetRecentMpPlayerListRsp,4050
SocialDataNotify,4043
TakeFirstShareRewardReq,4074
TakeFirstShareRewardRsp,4076
UpdatePS4BlockListReq,4046
UpdatePS4BlockListRsp,4041
GetPlayerBlacklistReq,4049
GetPlayerBlacklistRsp,4091
PlayerReportReq,4024
PlayerReportRsp,4056
SetFriendRemarkNameReq,4042
SetFriendRemarkNameRsp,4030
UpdatePlayerShowAvatarListReq,4067
UpdatePlayerShowAvatarListRsp,4058
GetFriendShowAvatarInfoReq,4070
GetFriendShowAvatarInfoRsp,4017
UpdatePlayerShowNameCardListReq,4002
UpdatePlayerShowNameCardListRsp,4019
GetFriendShowNameCardInfoReq,4061
GetFriendShowNameCardInfoRsp,4029
ForceAddPlayerFriendReq,4057
ForceAddPlayerFriendRsp,4100
ProfilePictureChangeNotify,4016
PSNFriendListNotify,4087
PSNBlackListNotify,4040
GetPlayerAskFriendListReq,4018
GetPlayerAskFriendListRsp,4066
GetChatEmojiCollectionReq,4068
GetChatEmojiCollectionRsp,4033
SetChatEmojiCollectionReq,4084
SetChatEmojiCollectionRsp,4080
UpdatePS4FriendListReq,4089
UpdatePS4FriendListRsp,4059
FriendInfoChangeNotify,4032
PlayerSignatureAuditDataNotify,4060
PlayerSignatureNotify,4014
SignatureAuditConfigNotify,4092
ReadSignatureAuditReq,4020
ReadSignatureAuditRsp,4064
TryEnterHomeReq,4482
TryEnterHomeRsp,4653
JoinHomeWorldFailNotify,4530
HomeBlockNotify,4543
HomeGetBasicInfoReq,4655
HomeBasicInfoNotify,4885
HomeChangeEditModeReq,4564
HomeChangeEditModeRsp,4559
HomeChangeModuleReq,4809
HomeChangeModuleRsp,4596
HomeGetArrangementInfoReq,4848
HomeGetArrangementInfoRsp,4844
HomeUpdateArrangementInfoReq,4510
HomeUpdateArrangementInfoRsp,4757
GetPlayerHomeCompInfoReq,4597
PlayerHomeCompInfoNotify,4880
SetFriendEnterHomeOptionReq,4494
SetFriendEnterHomeOptionRsp,4743
PlayerApplyEnterHomeNotify,4533
PlayerApplyEnterHomeResultReq,4693
PlayerApplyEnterHomeResultRsp,4706
PlayerApplyEnterHomeResultNotify,4468
HomeSceneJumpReq,4528
HomeSceneJumpRsp,4698
HomeChooseModuleReq,4524
HomeChooseModuleRsp,4648
HomeModuleUnlockNotify,4560
HomeGetOnlineStatusReq,4820
HomeGetOnlineStatusRsp,4705
HomeKickPlayerReq,4870
HomeKickPlayerRsp,4691
HomeModuleSeenReq,4499
HomeModuleSeenRsp,4821
UnlockedFurnitureFormulaDataNotify,4846
UnlockedFurnitureSuiteDataNotify,4454
GetHomeLevelUpRewardReq,4557
GetHomeLevelUpRewardRsp,4603
GetFurnitureCurModuleArrangeCountReq,4711
FurnitureCurModuleArrangeCountNotify,4498
HomeComfortInfoNotify,4699
PlayerQuitFromHomeNotify,4656
OtherPlayerEnterHomeNotify,4628
HomePriorCheckNotify,4599
HomeMarkPointNotify,4474
HomeAllUnlockedBgmIdListNotify,4608
HomeNewUnlockedBgmIdListNotify,4847
HomeChangeBgmReq,4558
HomeChangeBgmRsp,4488
HomeChangeBgmNotify,4872
HomePreChangeEditModeNotify,4639
HomeEnterEditModeFinishReq,4537
HomeEnterEditModeFinishRsp,4615
FurnitureMakeReq,4477
FurnitureMakeRsp,4782
TakeFurnitureMakeReq,4772
TakeFurnitureMakeRsp,4769
FurnitureMakeFinishNotify,4841
FurnitureMakeStartReq,4633
FurnitureMakeStartRsp,4729
FurnitureMakeCancelReq,4555
FurnitureMakeCancelRsp,4683
FurnitureMakeBeHelpedNotify,4578
FurnitureMakeHelpReq,4865
FurnitureMakeHelpRsp,4756
FunitureMakeMakeInfoChangeNotify,4898
HomeLimitedShopInfoReq,4825
HomeLimitedShopInfoRsp,4796
HomeLimitedShopInfoNotify,4887
HomeLimitedShopGoodsListReq,4552
HomeLimitedShopGoodsListRsp,4546
HomeLimitedShopBuyGoodsReq,4760
HomeLimitedShopBuyGoodsRsp,4750
HomeLimitedShopInfoChangeNotify,4790
HomeResourceNotify,4892
HomeResourceTakeHomeCoinReq,4479
HomeResourceTakeHomeCoinRsp,4541
HomeResourceTakeFetterExpReq,4768
HomeResourceTakeFetterExpRsp,4645
HomeAvatarTalkFinishInfoNotify,4896
HomeAvatarTalkReq,4688
HomeAvatarTalkRsp,4464
HomeAvatarRewardEventNotify,4852
HomeAvatarRewardEventGetReq,4551
HomeAvatarRewardEventGetRsp,4833
HomeAvatarSummonAllEventNotify,4808
HomeAvatarSummonEventReq,4806
HomeAvatarSummonEventRsp,4817
HomeAvatarCostumeChangeNotify,4748
HomeAvatarSummonFinishReq,4629
HomeAvatarSummonFinishRsp,4696
HomeAvtarAllFinishRewardNotify,4453
HomeAvatarAllFinishRewardNotify,4741
HomeSceneInitFinishReq,4674
HomeSceneInitFinishRsp,4505
HomePlantSeedReq,4804
HomePlantSeedRsp,4556
HomePlantWeedReq,4640
HomePlantWeedRsp,4527
HomePlantInfoNotify,4587
HomePlantFieldNotify,4549
HomePlantInfoReq,4647
HomePlantInfoRsp,4701
HomeTransferReq,4726
HomeTransferRsp,4616
HomeGetFishFarmingInfoReq,4476
HomeGetFishFarmingInfoRsp,4678
HomeFishFarmingInfoNotify,4677
HomeUpdateFishFarmingInfoReq,4544
HomeUpdateFishFarmingInfoRsp,4857
HomeUpdateScenePointFishFarmingInfoReq,4511
HomeUpdateScenePointFishFarmingInfoRsp,4540
HomeScenePointFishFarmingInfoNotify,4547
HomeCustomFurnitureInfoNotify,4712
HomeEditCustomFurnitureReq,4724
HomeEditCustomFurnitureRsp,4496
HomePictureFrameInfoNotify,4878
HomeUpdatePictureFrameInfoReq,4486
HomeUpdatePictureFrameInfoRsp,4641
HomeRacingGallerySettleNotify,4805
HomeGetGroupRecordReq,4523
HomeGetGroupRecordRsp,4538
HomeClearGroupRecordReq,4759
HomeClearGroupRecordRsp,4605
HomeBalloonGallerySettleNotify,4811
HomeBalloonGalleryScoreNotify,4654
HomeSeekFurnitureGalleryScoreNotify,4583
GetHomeExchangeWoodInfoReq,4473
GetHomeExchangeWoodInfoRsp,4659
HomeExchangeWoodReq,4576
HomeExchangeWoodRsp,4622
HomeGetBlueprintSlotInfoReq,4584
HomeGetBlueprintSlotInfoRsp,4662
HomeSetBlueprintSlotOptionReq,4798
HomeSetBlueprintSlotOptionRsp,4786
HomeSetBlueprintFriendOptionReq,4554
HomeSetBlueprintFriendOptionRsp,4604
HomeBlueprintInfoNotify,4765
HomePreviewBlueprintReq,4478
HomePreviewBlueprintRsp,4738
HomeCreateBlueprintReq,4619
HomeCreateBlueprintRsp,4606
HomeDeleteBlueprintReq,4502
HomeDeleteBlueprintRsp,4586
HomeSearchBlueprintReq,4889
HomeSearchBlueprintRsp,4593
HomeSaveArrangementNoChangeReq,4704
HomeSaveArrangementNoChangeRsp,4668
AllShareCDDataNotify,9072
TowerBriefDataNotify,2472
TowerFloorRecordChangeNotify,2498
TowerCurLevelRecordChangeNotify,2412
TowerDailyRewardProgressChangeNotify,2435
TowerTeamSelectReq,2421
TowerTeamSelectRsp,2403
TowerAllDataReq,2490
TowerAllDataRsp,2473
TowerEnterLevelReq,2431
TowerEnterLevelRsp,2475
TowerBuffSelectReq,2448
TowerBuffSelectRsp,2497
TowerSurrenderReq,2422
TowerSurrenderRsp,2465
TowerGetFloorStarRewardReq,2404
TowerGetFloorStarRewardRsp,2493
TowerLevelEndNotify,2495
TowerLevelStarCondNotify,2406
TowerMiddleLevelChangeTeamNotify,2434
TowerRecordHandbookReq,2450
TowerRecordHandbookRsp,2443
UnlockAvatarTalentReq,1072
UnlockAvatarTalentRsp,1098
AvatarUnlockTalentNotify,1012
AvatarSkillDepotChangeNotify,1035
BigTalentPointConvertReq,1007
BigTalentPointConvertRsp,1021
AvatarSkillMaxChargeCountNotify,1003
AvatarSkillInfoNotify,1090
ProudSkillUpgradeReq,1073
ProudSkillUpgradeRsp,1099
ProudSkillChangeNotify,1031
AvatarSkillUpgradeReq,1075
AvatarSkillUpgradeRsp,1048
AvatarSkillChangeNotify,1097
ProudSkillExtraLevelNotify,1081
CanUseSkillNotify,1005
TeamResonanceChangeNotify,1082
MailChangeNotify,1498
ReadMailNotify,1412
GetMailItemReq,1435
GetMailItemRsp,1407
DelMailReq,1421
DelMailRsp,1403
GetAuthkeyReq,1490
GetAuthkeyRsp,1473
ClientNewMailNotify,1499
GetAllMailReq,1431
GetAllMailRsp,1475
ChangeMailStarNotify,1448
GetAllMailNotify,1497
GetAllMailResultNotify,1481
AvatarAddNotify,1769
AvatarDelNotify,1773
SetUpAvatarTeamReq,1690
SetUpAvatarTeamRsp,1646
ChooseCurAvatarTeamReq,1796
ChooseCurAvatarTeamRsp,1661
ChangeAvatarReq,1640
ChangeAvatarRsp,1607
AvatarPromoteReq,1664
AvatarPromoteRsp,1639
SpringUseReq,1748
SpringUseRsp,1642
RefreshBackgroundAvatarReq,1743
RefreshBackgroundAvatarRsp,1800
AvatarTeamUpdateNotify,1706
AvatarDataNotify,1633
AvatarUpgradeReq,1770
AvatarUpgradeRsp,1701
AvatarDieAnimationEndReq,1610
AvatarDieAnimationEndRsp,1694
AvatarChangeElementTypeReq,1785
AvatarChangeElementTypeRsp,1651
AvatarFetterDataNotify,1782
AvatarExpeditionDataNotify,1771
AvatarExpeditionAllDataReq,1722
AvatarExpeditionAllDataRsp,1648
AvatarExpeditionStartReq,1715
AvatarExpeditionStartRsp,1719
AvatarExpeditionCallBackReq,1752
AvatarExpeditionCallBackRsp,1726
AvatarExpeditionGetRewardReq,1623
AvatarExpeditionGetRewardRsp,1784
ChangeMpTeamAvatarReq,1708
ChangeMpTeamAvatarRsp,1753
ChangeTeamNameReq,1603
ChangeTeamNameRsp,1666
SceneTeamUpdateNotify,1775
FocusAvatarReq,1654
FocusAvatarRsp,1681
AvatarSatiationDataNotify,1693
AvatarWearFlycloakReq,1737
AvatarWearFlycloakRsp,1698
AvatarFlycloakChangeNotify,1643
AvatarGainFlycloakNotify,1656
AvatarEquipAffixStartNotify,1662
AvatarFetterLevelRewardReq,1653
AvatarFetterLevelRewardRsp,1606
AddNoGachaAvatarCardNotify,1655
AvatarPromoteGetRewardReq,1696
AvatarPromoteGetRewardRsp,1683
AvatarChangeCostumeReq,1778
AvatarChangeCostumeRsp,1645
AvatarChangeCostumeNotify,1644
AvatarGainCostumeNotify,1677
AvatarChangeAnimHashReq,1711
AvatarChangeAnimHashRsp,1647
PersistentDungeonSwitchAvatarReq,1684
PersistentDungeonSwitchAvatarRsp,1768
AddBackupAvatarTeamReq,1687
AddBackupAvatarTeamRsp,1735
DelBackupAvatarTeamReq,1731
DelBackupAvatarTeamRsp,1729
AvatarTeamAllDataNotify,1749
AvatarRenameInfoNotify,1680
ItemRenameAvatarReq,1750
ItemRenameAvatarRsp,1635
PlayerApplyEnterMpNotify,1826
PlayerApplyEnterMpReq,1818
PlayerApplyEnterMpRsp,1825
PlayerApplyEnterMpResultNotify,1807
PlayerApplyEnterMpResultReq,1802
PlayerApplyEnterMpResultRsp,1831
PlayerQuitFromMpNotify,1829
PlayerPreEnterMpNotify,1822
GetPlayerMpModeAvailabilityReq,1844
GetPlayerMpModeAvailabilityRsp,1849
PlayerSetOnlyMPWithPSPlayerReq,1820
PlayerSetOnlyMPWithPSPlayerRsp,1845
PSPlayerApplyEnterMpReq,1841
PSPlayerApplyEnterMpRsp,1842
MpPlayOwnerCheckReq,1814
MpPlayOwnerCheckRsp,1847
MpPlayOwnerStartInviteReq,1837
MpPlayOwnerStartInviteRsp,1823
MpPlayOwnerInviteNotify,1835
MpPlayGuestReplyInviteReq,1848
MpPlayGuestReplyInviteRsp,1850
MpPlayGuestReplyNotify,1812
MpPlayPrepareNotify,1833
MpPlayInviteResultNotify,1815
MpPlayPrepareInterruptNotify,1813
MpBlockNotify,1801
TakeHuntingOfferReq,4326
TakeHuntingOfferRsp,4318
GetCityHuntingOfferReq,4325
GetCityHuntingOfferRsp,4307
GetHuntingOfferRewardReq,4302
GetHuntingOfferRewardRsp,4331
HuntingStartNotify,4329
HuntingRevealClueNotify,4322
HuntingRevealFinalNotify,4344
HuntingSuccessNotify,4349
HuntingFailNotify,4320
HuntingOngoingNotify,4345
HuntingGiveUpReq,4341
HuntingGiveUpRsp,4342
GetMechanicusInfoReq,3972
GetMechanicusInfoRsp,3998
MechanicusSequenceOpenNotify,3912
MechanicusCoinNotify,3935
MechanicusOpenNotify,3907
MechanicusCloseNotify,3921
MechanicusUnlockGearReq,3903
MechanicusUnlockGearRsp,3990
MechanicusLevelupGearReq,3973
MechanicusLevelupGearRsp,3999
EnterMechanicusDungeonReq,3931
EnterMechanicusDungeonRsp,3975
MechanicusCandidateTeamCreateReq,3981
MechanicusCandidateTeamCreateRsp,3905
ScenePlayBattleInfoNotify,4422
ScenePlayOwnerCheckReq,4448
ScenePlayOwnerCheckRsp,4362
ScenePlayOwnerStartInviteReq,4385
ScenePlayOwnerStartInviteRsp,4357
ScenePlayOwnerInviteNotify,4371
ScenePlayGuestReplyInviteReq,4353
ScenePlayGuestReplyInviteRsp,4440
ScenePlayGuestReplyNotify,4423
ScenePlayInviteResultNotify,4449
ScenePlayInfoListNotify,4381
ScenePlayBattleInterruptNotify,4425
ScenePlayBattleResultNotify,4398
ScenePlayBattleUidOpNotify,4447
ScenePlayBattleInfoListNotify,4431
ScenePlayOutofRegionNotify,4355
EnterFishingReq,5826
EnterFishingRsp,5818
StartFishingReq,5825
StartFishingRsp,5807
FishCastRodReq,5802
FishCastRodRsp,5831
FishChosenNotify,5829
FishEscapeNotify,5822
FishBiteReq,5844
FishBiteRsp,5849
FishBattleBeginReq,5820
FishBattleBeginRsp,5845
FishBattleEndReq,5841
FishBattleEndRsp,5842
ExitFishingReq,5814
ExitFishingRsp,5847
FishAttractNotify,5837
FishBaitGoneNotify,5823
PlayerFishingDataNotify,5835
FishPoolDataNotify,5848
ReunionBriefInfoReq,5076
ReunionBriefInfoRsp,5068
TakeReunionFirstGiftRewardReq,5075
TakeReunionFirstGiftRewardRsp,5057
GetReunionSignInInfoReq,5052
GetReunionSignInInfoRsp,5081
TakeReunionSignInRewardReq,5079
TakeReunionSignInRewardRsp,5072
GetReunionMissionInfoReq,5094
GetReunionMissionInfoRsp,5099
TakeReunionWatcherRewardReq,5070
TakeReunionWatcherRewardRsp,5095
UpdateReunionWatcherNotify,5091
TakeReunionMissionRewardReq,5092
TakeReunionMissionRewardRsp,5064
GetReunionPrivilegeInfoReq,5097
GetReunionPrivilegeInfoRsp,5087
ReunionSettleNotify,5073
ReunionActivateNotify,5085
ReunionPrivilegeChangeNotify,5098
ReunionDailyRefreshNotify,5100
MultistagePlayInfoNotify,5372
MultistagePlayFinishStageReq,5398
InBattleMechanicusExcapeMonsterNotify,5307
InBattleMechanicusLeftMonsterNotify,5321
InBattleMechanicusBuildingPointsNotify,5303
InBattleMechanicusPickCardReq,5390
InBattleMechanicusPickCardRsp,5373
InBattleMechanicusPickCardNotify,5399
InBattleMechanicusConfirmCardReq,5331
InBattleMechanicusConfirmCardRsp,5375
InBattleMechanicusConfirmCardNotify,5348
InBattleMechanicusCardResultNotify,5397
MultistagePlayFinishStageRsp,5381
InBattleMechanicusSettleNotify,5305
MultistagePlaySettleNotify,5313
MultistagePlayStageEndNotify,5379
MultistagePlayEndNotify,5355
FleurFairBuffEnergyNotify,5324
FleurFairStageSettleNotify,5356
FleurFairFinishGalleryStageNotify,5342
HideAndSeekSelectAvatarReq,5330
HideAndSeekSelectAvatarRsp,5367
HideAndSeekSetReadyReq,5358
HideAndSeekSetReadyRsp,5370
HideAndSeekSettleNotify,5317
HideAndSeekPlayerReadyNotify,5302
HideAndSeekPlayerSetAvatarNotify,5319
ChessPickCardReq,5333
ChessPickCardRsp,5384
ChessPickCardNotify,5380
ChessManualRefreshCardsReq,5389
ChessManualRefreshCardsRsp,5359
ChessPlayerInfoNotify,5332
ChessLeftMonstersNotify,5360
ChessEscapedMonstersNotify,5314
ChessSelectedCardsNotify,5392
GlobalBuildingInfoNotify,5320
IrodoriChessPlayerInfoNotify,5364
IrodoriChessLeftMonsterNotify,5338
BrickBreakerPlayerReadyNotify,5345
BrickBreakerPlayerSetAvatarNotify,5308
BrickBreakerPlayerSetSkillNotify,5309
BrickBreakerSetReadyReq,5352
BrickBreakerSetReadyRsp,5377
BrickBreakerSelectAvatarReq,5337
BrickBreakerSelectAvatarRsp,5385
BrickBreakerSelectSkillReq,5325
BrickBreakerSelectSkillRsp,5378
BrickBreakerSetChangingReq,5336
BrickBreakerSetChangingRsp,5354
BrickBreakerPlayerSetChangingNotify,5383
CoinCollectPrepareStageNotify,6536
LanV3BoatSettleNotify,6539
GetBlossomBriefInfoListReq,2772
GetBlossomBriefInfoListRsp,2798
BlossomBriefInfoNotify,2712
WorldOwnerBlossomBriefInfoNotify,2735
WorldOwnerBlossomScheduleInfoNotify,2707
BlossomChestCreateNotify,2721
OpenBlossomCircleCampGuideNotify,2703
GroupLinkAllNotify,5776
GroupLinkChangeNotify,5768
GroupLinkDeleteNotify,5775
GroupLinkMarkUpdateNotify,5757
GetActivityScheduleReq,2136
GetActivityScheduleRsp,2107
GetActivityInfoReq,2095
GetActivityInfoRsp,2041
ActivityPlayOpenAnimNotify,2157
ActivityInfoNotify,2060
ActivityScheduleInfoNotify,2073
ActivityTakeWatcherRewardReq,2038
ActivityTakeWatcherRewardRsp,2034
ActivityUpdateWatcherNotify,2156
ActivitySelectAvatarCardReq,2028
ActivitySelectAvatarCardRsp,2189
ActivityCoinInfoNotify,2008
SeaLampFlyLampReq,2199
SeaLampFlyLampRsp,2192
SeaLampTakeContributionRewardReq,2019
SeaLampTakeContributionRewardRsp,2177
SeaLampTakePhaseRewardReq,2176
SeaLampTakePhaseRewardRsp,2190
SeaLampContributeItemReq,2123
SeaLampContributeItemRsp,2139
SeaLampFlyLampNotify,2105
SeaLampCoinNotify,2114
SeaLampPopularityNotify,2032
LoadActivityTerrainNotify,2029
ServerAnnounceNotify,2197
ServerAnnounceRevokeNotify,2092
ActivityBannerNotify,2155
ActivityBannerClearReq,2009
ActivityBannerClearRsp,2163
SalesmanDeliverItemReq,2138
SalesmanDeliverItemRsp,2104
SalesmanTakeRewardReq,2191
SalesmanTakeRewardRsp,2110
ActivityCondStateChangeNotify,2140
SalesmanTakeSpecialRewardReq,2145
SalesmanTakeSpecialRewardRsp,2124
GetAuthSalesmanInfoReq,2070
GetAuthSalesmanInfoRsp,2004
EnterTrialAvatarActivityDungeonReq,2118
EnterTrialAvatarActivityDungeonRsp,2183
ReceivedTrialAvatarActivityRewardReq,2130
ReceivedTrialAvatarActivityRewardRsp,2076
TrialAvatarFirstPassDungeonNotify,2013
TrialAvatarInDungeonIndexNotify,2186
TakeDeliveryDailyRewardReq,2121
TakeDeliveryDailyRewardRsp,2162
FinishDeliveryNotify,2089
SelectAsterMidDifficultyReq,2134
SelectAsterMidDifficultyRsp,2180
AsterProgressInfoNotify,2016
AsterLittleInfoNotify,2068
AsterMidInfoNotify,2031
AsterMiscInfoNotify,2036
TakeAsterSpecialRewardReq,2097
TakeAsterSpecialRewardRsp,2193
AsterLargeInfoNotify,2146
FlightActivitySettleNotify,2195
FlightActivityRestartReq,2037
FlightActivityRestartRsp,2165
AsterMidCampInfoNotify,2133
DragonSpineChapterOpenNotify,2022
DragonSpineChapterProgressChangeNotify,2065
DragonSpineChapterFinishNotify,2069
DragonSpineCoinChangeNotify,2088
ActivitySaleChangeNotify,2071
StartEffigyChallengeReq,2169
StartEffigyChallengeRsp,2173
EffigyChallengeInfoNotify,2090
EffigyChallengeResultNotify,2046
TakeEffigyFirstPassRewardReq,2196
TakeEffigyFirstPassRewardRsp,2061
TakeEffigyRewardReq,2040
TakeEffigyRewardRsp,2007
SelectEffigyChallengeConditionReq,2064
SelectEffigyChallengeConditionRsp,2039
RestartEffigyChallengeReq,2148
RestartEffigyChallengeRsp,2042
TreasureMapRegionInfoNotify,2185
TreasureMapCurrencyNotify,2171
TreasureMapRegionActiveNotify,2122
TreasureMapMpChallengeNotify,2048
TreasureMapBonusChallengeNotify,2115
TreasureMapGuideTaskDoneNotify,2119
TreasureMapPreTaskDoneNotify,2152
BlessingScanReq,2081
BlessingScanRsp,2093
BlessingRedeemRewardReq,2137
BlessingRedeemRewardRsp,2098
BlessingGetFriendPicListReq,2043
BlessingGetFriendPicListRsp,2056
BlessingGiveFriendPicReq,2062
BlessingGiveFriendPicRsp,2053
BlessingAcceptGivePicReq,2006
BlessingAcceptGivePicRsp,2055
BlessingGetAllRecvPicRecordListReq,2096
BlessingGetAllRecvPicRecordListRsp,2083
BlessingRecvFriendPicNotify,2178
BlessingAcceptAllGivePicReq,2045
BlessingAcceptAllGivePicRsp,2044
ExpeditionStartReq,2087
ExpeditionStartRsp,2135
ExpeditionRecallReq,2131
ExpeditionRecallRsp,2129
ExpeditionTakeRewardReq,2149
ExpeditionTakeRewardRsp,2080
GetExpeditionAssistInfoListReq,2150
GetExpeditionAssistInfoListRsp,2035
SetCurExpeditionChallengeIdReq,2021
SetCurExpeditionChallengeIdRsp,2049
ExpeditionChallengeEnterRegionNotify,2154
ExpeditionChallengeFinishedNotify,2091
FleurFairBalloonSettleNotify,2099
FleurFairFallSettleNotify,2017
FleurFairMusicGameSettleReq,2194
FleurFairMusicGameSettleRsp,2113
FleurFairMusicGameStartReq,2167
FleurFairMusicGameStartRsp,2079
FleurFairReplayMiniGameReq,2181
FleurFairReplayMiniGameRsp,2052
StartArenaChallengeLevelReq,2127
StartArenaChallengeLevelRsp,2125
ArenaChallengeFinishNotify,2030
WaterSpritePhaseFinishNotify,2025
ActivityTakeWatcherRewardBatchReq,2159
ActivityTakeWatcherRewardBatchRsp,2109
ChannelerSlabStageActiveChallengeIndexNotify,8734
ChannelerSlabStageOneoffDungeonNotify,8203
ChannellerSlabWearBuffReq,8107
ChannellerSlabWearBuffRsp,8600
ChannellerSlabTakeoffBuffReq,8516
ChannellerSlabTakeoffBuffRsp,8237
ChannellerSlabEnterLoopDungeonReq,8869
ChannellerSlabEnterLoopDungeonRsp,8081
ChannellerSlabLoopDungeonTakeFirstPassRewardReq,8589
ChannellerSlabLoopDungeonTakeFirstPassRewardRsp,8539
ChannellerSlabLoopDungeonTakeScoreRewardReq,8684
ChannellerSlabLoopDungeonTakeScoreRewardRsp,8433
ChannellerSlabLoopDungeonChallengeInfoNotify,8224
ChannellerSlabLoopDungeonSelectConditionReq,8503
ChannellerSlabLoopDungeonSelectConditionRsp,8509
ChannellerSlabOneOffDungeonInfoReq,8409
ChannellerSlabOneOffDungeonInfoRsp,8268
ChannellerSlabOneOffDungeonInfoNotify,8729
ChannellerSlabSaveAssistInfoReq,8416
ChannellerSlabSaveAssistInfoRsp,8932
MistTrialSelectAvatarAndEnterDungeonReq,8666
MistTrialSelectAvatarAndEnterDungeonRsp,8239
MistTrialGetChallengeMissionReq,8893
MistTrialGetChallengeMissionRsp,8508
MistTrialDunegonFailNotify,8135
ChannellerSlabCheckEnterLoopDungeonReq,8745
ChannellerSlabCheckEnterLoopDungeonRsp,8452
HideAndSeekSelectSkillReq,8183
HideAndSeekSelectSkillRsp,8088
ActivityTakeScoreRewardReq,8971
ActivityTakeScoreRewardRsp,8583
ActivityTakeAllScoreRewardReq,8372
ActivityTakeAllScoreRewardRsp,8043
HideAndSeekChooseMapReq,8512
HideAndSeekChooseMapRsp,8533
CommonPlayerTipsNotify,8466
FindHilichurlFinishSecondQuestNotify,8901
FindHilichurlAcceptQuestNotify,8659
SummerTimeFloatSignalPositionNotify,8077
SummerTimeFloatSignalUpdateNotify,8781
SummerTimeSprintBoatSettleNotify,8651
SummerTimeSprintBoatRestartReq,8410
SummerTimeSprintBoatRestartRsp,8356
StartBuoyantCombatGalleryReq,8732
StartBuoyantCombatGalleryRsp,8680
BuoyantCombatSettleNotify,8305
SetLimitOptimizationNotify,8851
EchoShellUpdateNotify,8150
EchoShellTakeRewardReq,8114
EchoShellTakeRewardRsp,8797
BounceConjuringSettleNotify,8084
BlitzRushParkourRestartReq,8653
BlitzRushParkourRestartRsp,8944
EnterChessDungeonReq,8191
EnterChessDungeonRsp,8592
TreasureMapHostInfoNotify,8681
SumoSaveTeamReq,8313
SumoSaveTeamRsp,8319
SumoSelectTeamAndEnterDungeonReq,8215
SumoSelectTeamAndEnterDungeonRsp,8193
SumoDungeonSettleNotify,8291
SumoEnterDungeonNotify,8013
SumoSwitchTeamReq,8351
SumoSwitchTeamRsp,8525
SumoLeaveDungeonNotify,8640
SumoRestartDungeonReq,8612
SumoRestartDungeonRsp,8214
ActivityDisableTransferPointInteractionNotify,8982
SumoSetNoSwitchPunishTimeNotify,8935
FishingGallerySettleNotify,8780
LunaRiteSacrificeReq,8805
LunaRiteSacrificeRsp,8080
LunaRiteTakeSacrificeRewardReq,8045
LunaRiteTakeSacrificeRewardRsp,8397
LunaRiteHintPointReq,8195
LunaRiteHintPointRsp,8765
LunaRiteHintPointRemoveNotify,8787
LunaRiteGroupBundleRegisterNotify,8465
LunaRiteAreaFinishNotify,8213
PlantFlowerGetSeedInfoReq,8560
PlantFlowerGetSeedInfoRsp,8764
PlantFlowerTakeSeedRewardReq,8968
PlantFlowerTakeSeedRewardRsp,8860
PlantFlowerSetFlowerWishReq,8547
PlantFlowerSetFlowerWishRsp,8910
PlantFlowerGetFriendFlowerWishListReq,8126
PlantFlowerGetFriendFlowerWishListRsp,8511
PlantFlowerGiveFriendFlowerReq,8846
PlantFlowerGiveFriendFlowerRsp,8386
PlantFlowerGetRecvFlowerListReq,8270
PlantFlowerGetRecvFlowerListRsp,8374
PlantFlowerHaveRecvFlowerNotify,8078
PlantFlowerAcceptGiveFlowerReq,8383
PlantFlowerAcceptGiveFlowerRsp,8567
PlantFlowerAcceptAllGiveFlowerReq,8808
PlantFlowerAcceptAllGiveFlowerRsp,8888
PlantFlowerGetCanGiveFriendFlowerReq,8716
PlantFlowerGetCanGiveFriendFlowerRsp,8766
PlantFlowerEditFlowerCombinationReq,8843
PlantFlowerEditFlowerCombinationRsp,8788
MusicGameSettleReq,8892
MusicGameSettleRsp,8673
MusicGameStartReq,8406
MusicGameStartRsp,8326
DoRoguelikeDungeonCardGachaReq,8148
DoRoguelikeDungeonCardGachaRsp,8472
RefreshRoguelikeDungeonCardReq,8279
RefreshRoguelikeDungeonCardRsp,8349
SelectRoguelikeDungeonCardReq,8085
SelectRoguelikeDungeonCardRsp,8138
EquipRoguelikeRuneReq,8306
EquipRoguelikeRuneRsp,8705
TriggerRoguelikeRuneReq,8463
TriggerRoguelikeRuneRsp,8065
TriggerRoguelikeCurseNotify,8412
UpgradeRoguelikeShikigamiReq,8151
UpgradeRoguelikeShikigamiRsp,8966
RoguelikeSelectAvatarAndEnterDungeonReq,8457
RoguelikeSelectAvatarAndEnterDungeonRsp,8538
RoguelikeGiveUpReq,8660
RoguelikeGiveUpRsp,8139
RoguelikeTakeStageFirstPassRewardReq,8421
RoguelikeTakeStageFirstPassRewardRsp,8552
GiveUpRoguelikeDungeonCardReq,8353
GiveUpRoguelikeDungeonCardRsp,8497
EnterRoguelikeDungeonNotify,8652
StartRogueEliteCellChallengeReq,8242
StartRogueEliteCellChallengeRsp,8958
StartRogueNormalCellChallengeReq,8205
StartRogueNormalCellChallengeRsp,8036
RogueCellUpdateNotify,8642
RogueDungeonPlayerCellChangeNotify,8347
RogueHealAvatarsReq,8947
RogueHealAvatarsRsp,8949
RogueResumeDungeonReq,8795
RogueResumeDungeonRsp,8647
ClearRoguelikeCurseNotify,8207
RoguelikeCardGachaNotify,8925
RogueSwitchAvatarReq,8201
RogueSwitchAvatarRsp,8915
DisableRoguelikeTrapNotify,8259
RoguelikeRuneRecordUpdateNotify,8973
RoguelikeMistClearNotify,8324
RoguelikeEffectDataNotify,8222
RoguelikeEffectViewReq,8528
RoguelikeEffectViewRsp,8639
RoguelikeResourceBonusPropUpdateNotify,8555
RoguelikeRefreshCardCostUpdateNotify,8927
DigActivityMarkPointChangeNotify,8109
DigActivityChangeGadgetStateReq,8464
DigActivityChangeGadgetStateRsp,8430
WinterCampStageInfoChangeNotify,8154
WinterCampRaceScoreNotify,8149
WinterCampGiveFriendItemReq,8572
WinterCampGiveFriendItemRsp,8264
WinterCampSetWishListReq,8753
WinterCampSetWishListRsp,8281
WinterCampGetFriendWishListReq,8946
WinterCampGetFriendWishListRsp,8937
WinterCampRecvItemNotify,8580
WinterCampAcceptGiveItemReq,8387
WinterCampAcceptGiveItemRsp,8185
WinterCampAcceptAllGiveItemReq,9000
WinterCampAcceptAllGiveItemRsp,8626
WinterCampGetCanGiveFriendItemReq,8964
WinterCampGetCanGiveFriendItemRsp,8357
WinterCampGetRecvItemListReq,8143
WinterCampGetRecvItemListRsp,8423
WinterCampEditSnowmanCombinationReq,8144
WinterCampEditSnowmanCombinationRsp,8142
WinterCampTriathlonSettleNotify,8342
WinterCampTakeExploreRewardReq,8607
WinterCampTakeExploreRewardRsp,8978
WinterCampTakeBattleRewardReq,8401
WinterCampTakeBattleRewardRsp,8153
WinterCampTriathlonRestartReq,8844
WinterCampTriathlonRestartRsp,8569
MistTrialSettleNotify,8373
MistTrialGetDungeonExhibitionDataReq,8740
MistTrialGetDungeonExhibitionDataRsp,8066
PotionResetChallengeReq,8377
PotionResetChallengeRsp,8067
PotionEnterDungeonReq,8261
PotionEnterDungeonRsp,8482
PotionEnterDungeonNotify,8531
PotionSaveDungeonResultReq,8192
PotionSaveDungeonResultRsp,8688
PotionRestartDungeonReq,8273
PotionRestartDungeonRsp,8062
TanukiTravelFinishGuideQuestNotify,8924
FinishLanternProjectionReq,8704
FinishLanternProjectionRsp,8713
ViewLanternProjectionTipsReq,8218
ViewLanternProjectionTipsRsp,8590
ViewLanternProjectionLevelTipsReq,8758
ViewLanternProjectionLevelTipsRsp,8411
SalvagePreventSettleNotify,8231
SalvageEscortSettleNotify,8499
LanternRiteTakeSkinRewardReq,8826
LanternRiteTakeSkinRewardRsp,8777
SalvagePreventRestartReq,8367
SalvagePreventRestartRsp,8938
SalvageEscortRestartReq,8396
SalvageEscortRestartRsp,8959
LanternRiteStartFireworksReformReq,8518
LanternRiteStartFireworksReformRsp,8862
LanternRiteDoFireworksReformReq,8226
LanternRiteDoFireworksReformRsp,8657
LanternRiteEndFireworksReformReq,8277
LanternRiteEndFireworksReformRsp,8933
UpdateSalvageBundleMarkReq,8967
UpdateSalvageBundleMarkRsp,8459
MichiaeMatsuriDarkPressureLevelUpdateNotify,8825
MichiaeMatsuriInteractStatueReq,8718
MichiaeMatsuriInteractStatueRsp,8449
MichiaeMatsuriUnlockCrystalSkillReq,8345
MichiaeMatsuriUnlockCrystalSkillRsp,8588
MichiaeMatsuriStartBossChallengeReq,8703
MichiaeMatsuriStartBossChallengeRsp,8426
MichiaeMatsuriStartDarkChallengeReq,8054
MichiaeMatsuriStartDarkChallengeRsp,8791
MichiaeMatsuriRemoveChestMarkNotify,8726
MichiaeMatsuriRemoveChallengeMarkNotify,8072
MichiaeMatsuriGainCrystalExpUpdateNotify,8523
BartenderCompleteOrderReq,8414
BartenderCompleteOrderRsp,8125
BartenderCancelOrderReq,8442
BartenderCancelOrderRsp,8837
BartenderGetFormulaReq,8462
BartenderGetFormulaRsp,8842
BartenderStartLevelReq,8507
BartenderStartLevelRsp,8402
BartenderCancelLevelReq,8771
BartenderCancelLevelRsp,8686
BartenderLevelProgressNotify,8756
BartenderFinishLevelReq,8227
BartenderFinishLevelRsp,8093
CrystalLinkEnterDungeonReq,8325
CrystalLinkEnterDungeonRsp,8147
CrystalLinkDungeonInfoNotify,8858
CrystalLinkRestartDungeonReq,8022
CrystalLinkRestartDungeonRsp,8119
QuickOpenActivityReq,8178
QuickOpenActivityRsp,8882
IrodoriEditFlowerCombinationReq,8608
IrodoriEditFlowerCombinationRsp,8833
IrodoriScanEntityReq,8767
IrodoriScanEntityRsp,8026
IrodoriFillPoetryReq,8129
IrodoriFillPoetryRsp,8880
IrodoriChessEquipCardReq,8561
IrodoriChessEquipCardRsp,8308
IrodoriChessUnequipCardReq,8057
IrodoriChessUnequipCardRsp,8817
EnterIrodoriChessDungeonReq,8717
EnterIrodoriChessDungeonRsp,8546
IrodoriMasterStartGalleryReq,8165
IrodoriMasterStartGalleryRsp,8381
IrodoriMasterGalleryCgEndNotify,8061
IrodoriMasterGallerySettleNotify,8340
PhotoActivityFinishReq,8921
PhotoActivityFinishRsp,8854
PhotoActivityClientViewReq,8709
PhotoActivityClientViewRsp,8983
SpiceActivityFinishMakeSpiceReq,8096
SpiceActivityFinishMakeSpiceRsp,8481
SpiceActivityProcessFoodReq,8216
SpiceActivityProcessFoodRsp,8772
SpiceActivityGivingRecordNotify,8407
GachaActivityPercentNotify,8450
GachaActivityUpdateElemNotify,8919
GachaActivityCreateRobotReq,8614
GachaActivityCreateRobotRsp,8610
GachaActivityTakeRewardReq,8930
GachaActivityTakeRewardRsp,8768
GachaActivityResetReq,8163
GachaActivityResetRsp,8240
GachaActivityNextStageReq,8257
GachaActivityNextStageRsp,8918
ActivityGiveFriendGiftReq,8233
ActivityGiveFriendGiftRsp,8696
ActivityGetRecvGiftListReq,8725
ActivityGetRecvGiftListRsp,8120
ActivityHaveRecvGiftNotify,8733
ActivityAcceptGiveGiftReq,8095
ActivityAcceptGiveGiftRsp,8502
ActivityAcceptAllGiveGiftReq,8113
ActivityAcceptAllGiveGiftRsp,8132
ActivityGetCanGiveFriendGiftReq,8559
ActivityGetCanGiveFriendGiftRsp,8848
ActivitySetGiftWishReq,8017
ActivitySetGiftWishRsp,8554
ActivityGetFriendGiftWishListReq,8806
ActivityGetFriendGiftWishListRsp,8253
LuminanceStoneChallengeSettleNotify,8186
StartRogueDiaryPlayReq,8419
StartRogueDiaryPlayRsp,8385
ResetRogueDiaryPlayReq,8127
ResetRogueDiaryPlayRsp,8948
EnterRogueDiaryDungeonReq,8943
EnterRogueDiaryDungeonRsp,8352
ResumeRogueDiaryDungeonReq,8838
ResumeRogueDiaryDungeonRsp,8989
RogueDiaryDungeonInfoNotify,8597
RogueDiaryDungeonSettleNotify,8895
StartRogueDiaryRoomReq,8159
StartRogueDiaryRoomRsp,8793
RogueDiaryTiredAvatarNotify,8514
ReserveRogueDiaryAvatarReq,8748
ReserveRogueDiaryAvatarRsp,8799
GetRogueDairyRepairInfoReq,8014
GetRogueDairyRepairInfoRsp,8447
RefreshRogueDiaryCardReq,8991
RefreshRogueDiaryCardRsp,8028
RogueFinishRepairReq,8363
RogueFinishRepairRsp,8535
TryInterruptRogueDiaryDungeonReq,8617
TryInterruptRogueDiaryDungeonRsp,8903
RogueDiaryRepairInfoNotify,8641
RetryCurRogueDiaryDungeonReq,8398
RetryCurRogueDiaryDungeonRsp,8334
RogueDiaryReviveAvatarReq,8038
RogueDiaryReviveAvatarRsp,8343
TryEnterNextRogueDiaryDungeonReq,8280
TryEnterNextRogueDiaryDungeonRsp,8362
RogueDiaryCoinAddNotify,8602
SummerTimeV2BoatSettleNotify,8870
ActivityPushTipsInfoNotify,8513
ActivityReadPushTipsReq,8145
ActivityReadPushTipsRsp,8574
SummerTimeV2RestartBoatGalleryReq,8476
SummerTimeV2RestartBoatGalleryRsp,8004
SummerTimeV2RestartDungeonReq,8346
SummerTimeV2RestartDungeonRsp,8996
IslandPartySettleNotify,24601
GearActivityStartPlayGearReq,23467
GearActivityStartPlayGearRsp,21025
GearActivityFinishPlayGearReq,21834
GearActivityFinishPlayGearRsp,21800
GearActivityStartPlayPictureReq,24550
GearActivityStartPlayPictureRsp,23388
GearActivityFinishPlayPictureReq,21054
GearActivityFinishPlayPictureRsp,21851
GravenInnocenceRaceSettleNotify,20681
GravenInnocenceRaceRestartReq,22882
GravenInnocenceRaceRestartRsp,21880
GravenInnocenceEditCarveCombinationReq,23107
GravenInnocenceEditCarveCombinationRsp,20702
GravenInnocencePhotoFinishReq,21750
GravenInnocencePhotoFinishRsp,23948
GravenInnocencePhotoReminderNotify,23864
InstableSprayEnterDungeonReq,24312
InstableSprayEnterDungeonRsp,23381
InstableSpraySwitchTeamReq,24857
InstableSpraySwitchTeamRsp,24152
InstableSprayLevelFinishNotify,21961
InstableSprayRestartDungeonReq,23678
InstableSprayRestartDungeonRsp,24923
MuqadasPotionActivityEnterDungeonReq,24602
MuqadasPotionActivityEnterDungeonRsp,21804
MuqadasPotionDungeonSettleNotify,20005
MuqadasPotionRestartDungeonReq,22391
MuqadasPotionRestartDungeonRsp,21208
MuqadasPotionCaptureWeaknessReq,20011
MuqadasPotionCaptureWeaknessRsp,24081
TreasureSeelieCollectOrbsNotify,20754
VintageMarketDeliverItemReq,23141
VintageMarketDeliverItemRsp,22181
SceneGalleryVintageHuntingSettleNotify,20324
VintagePresentFinishNoify,24142
VintageDecorateBoothReq,20846
VintageDecorateBoothRsp,20993
VintageHuntingStartGalleryReq,21780
VintageHuntingStartGalleryRsp,21951
VintageCampGroupBundleRegisterNotify,24244
VintageCampStageFinishNotify,22830
VintageMarketStartStorePlayReq,22864
VintageMarketStartStorePlayRsp,22130
VintageMarketFinishStorePlayReq,20676
VintageMarketFinishStorePlayRsp,23462
VintagePresentFinishNotify,20086
VintageMarketStoreUnlockSlotReq,20626
VintageMarketStoreUnlockSlotRsp,20733
VintageMarketStoreChooseStrategyReq,21248
VintageMarketStoreChooseStrategyRsp,24860
VintageMarketStoreViewStrategyReq,21700
VintageMarketStoreViewStrategyRsp,21814
VintageMarketDividendFinishNotify,23147
VintageMarketNpcEventFinishNotify,24201
WindFieldRestartDungeonReq,20731
WindFieldRestartDungeonRsp,24712
EnterFungusFighterPlotDungeonReq,23053
EnterFungusFighterPlotDungeonRsp,21008
FungusFighterPlotInfoNotify,22174
FungusCultivateReq,21749
FungusCultivateRsp,23532
FungusRenameReq,22006
FungusRenameRsp,20066
EnterFungusFighterTrainingDungeonReq,23860
EnterFungusFighterTrainingDungeonRsp,21593
FungusFighterRuntimeDataNotify,24674
FungusFighterTrainingSelectFungusReq,23903
FungusFighterTrainingSelectFungusRsp,21570
FungusFighterTrainingGallerySettleNotify,23931
FungusFighterClearTrainingRuntimeDataReq,24137
FungusFighterClearTrainingRuntimeDataRsp,22991
FungusFighterUseBackupFungusReq,21266
FungusFighterUseBackupFungusRsp,23428
FungusFighterRestartTraningDungeonReq,23980
FungusFighterRestartTraningDungeonRsp,22890
CharAmusementSettleNotify,23133
EffigyChallengeV2EnterDungeonReq,23489
EffigyChallengeV2EnterDungeonRsp,24917
EffigyChallengeV2RestartDungeonReq,24522
EffigyChallengeV2RestartDungeonRsp,23167
EffigyChallengeV2ChooseSkillReq,21269
EffigyChallengeV2ChooseSkillRsp,22448
EffigyChallengeV2DungeonInfoNotify,22835
CoinCollectChooseSkillReq,21214
CoinCollectChooseSkillRsp,24700
RestartCoinCollectPlaySingleModeReq,22367
RestartCoinCollectPlaySingleModeRsp,24828
EndCoinCollectPlaySingleModeReq,23216
EndCoinCollectPlaySingleModeRsp,20302
CoinCollectPrepareReq,21718
CoinCollectPrepareRsp,20930
CoinCollectInterruptPlayReq,22934
CoinCollectInterruptPlayRsp,22509
CoinCollectCheckDoubleStartPlayReq,21294
CoinCollectCheckDoubleStartPlayRsp,21244
SingleStartBrickBreakerReq,23113
SingleStartBrickBreakerRsp,20622
SingleRestartBrickBreakerReq,22704
SingleRestartBrickBreakerRsp,22112
BrickBreakerSettleNotify,24616
BrickBreakerTwiceStartReq,24028
BrickBreakerTwiceStartRsp,22591
BrickBreakerQuitReq,20137
BrickBreakerQuitRsp,20667
LanV3BoatGameStartSingleReq,23637
LanV3BoatGameStartSingleRsp,22069
LanV3BoatGameTransferFinishNotify,20683
LanV3RaceSettleNotify,24629
LanV3RaceRestartReq,20331
LanV3RaceRestartRsp,23477
LanV3BoatInterruptSettleStageReq,20951
LanV3BoatInterruptSettleStageRsp,24759
LanV3BoatPlayerPrepareNotify,6548
LanV3ShadowFinishLevelReq,20227
LanV3ShadowFinishLevelRsp,20480
DuelHeartEnterDungeonReq,20076
DuelHeartEnterDungeonRsp,24080
DuelHeartLevelInfoNotify,21856
DuelHeartRestartDungeonReq,23780
DuelHeartRestartDungeonRsp,24816
DuelHeartSelectDifficultyReq,22297
DuelHeartSelectDifficultyRsp,22312
DuelHeartSettleNotify,22250
DuelHeartCgEndNotify,20093
TeamChainEnterDungeonReq,20636
TeamChainEnterDungeonRsp,21776
TeamChainReorganizeTeamReq,23974
TeamChainReorganizeTeamRsp,24914
TeamChainRestartDungeonReq,22269
TeamChainRestartDungeonRsp,21313
TeamChainDungeonInfoNotify,24946
TeamChainTakeCostumeRewardReq,21207
TeamChainTakeCostumeRewardRsp,24258
ElectroherculesBattleSelectDifficultyReq,24212
ElectroherculesBattleSelectDifficultyRsp,23684
ElectroherculesBattleSettleNotify,21083
EnterCustomDungeonReq,6226
EnterCustomDungeonRsp,6218
SaveCustomDungeonRoomReq,6225
SaveCustomDungeonRoomRsp,6207
ChangeCustomDungeonRoomReq,6222
ChangeCustomDungeonRoomRsp,6244
RemoveCustomDungeonReq,6249
RemoveCustomDungeonRsp,6220
TryCustomDungeonReq,6245
TryCustomDungeonRsp,6241
PublishCustomDungeonReq,6242
PublishCustomDungeonRsp,6214
ExitCustomDungeonTryReq,6247
ExitCustomDungeonTryRsp,6237
CustomDungeonUpdateNotify,6223
GetRecommendCustomDungeonReq,6235
GetRecommendCustomDungeonRsp,6248
GetStoreCustomDungeonReq,6250
GetStoreCustomDungeonRsp,6212
SearchCustomDungeonReq,6233
SearchCustomDungeonRsp,6215
StoreCustomDungeonReq,6213
StoreCustomDungeonRsp,6201
LikeCustomDungeonReq,6210
LikeCustomDungeonRsp,6219
GetCustomDungeonReq,6209
GetCustomDungeonRsp,6227
CustomDungeonRecoverNotify,6217
BackPlayCustomDungeonOfficialReq,6203
BackPlayCustomDungeonOfficialRsp,6204
CustomDungeonOfficialNotify,6221
ReplayCustomDungeonReq,6243
ReplayCustomDungeonRsp,6240
CustomDungeonBattleRecordNotify,6236
OutStuckCustomDungeonReq,6211
OutStuckCustomDungeonRsp,6234
PlayerStartMatchReq,4176
PlayerStartMatchRsp,4168
PlayerMatchInfoNotify,4175
PlayerCancelMatchReq,4157
PlayerCancelMatchRsp,4152
PlayerMatchStopNotify,4181
PlayerMatchSuccNotify,4179
PlayerConfirmMatchReq,4172
PlayerConfirmMatchRsp,4194
PlayerAllowEnterMpAfterAgreeMatchNotify,4199
PlayerMatchAgreedResultNotify,4170
PlayerApplyEnterMpAfterMatchAgreedNotify,4195
PlayerGeneralMatchDismissNotify,4191
PlayerGeneralMatchConfirmNotify,4192
PlayerGetForceQuitBanInfoReq,4164
PlayerGetForceQuitBanInfoRsp,4197
ServerTryCancelGeneralMatchNotify,4187
PlayerGCGMatchDismissNotify,4173
PlayerGCGMatchConfirmNotify,4185
GCGOperationReq,7107
GCGOperationRsp,7600
GCGMessagePackNotify,7516
GCGAskDuelReq,7237
GCGAskDuelRsp,7869
GCGGameBriefDataNotify,7539
GCGInitFinishReq,7684
GCGInitFinishRsp,7433
GCGHeartBeatNotify,7224
GCGHintNotify,7534
GCGSkillPreviewNotify,7503
GCGSkillPreviewAskReq,7509
GCGSkillPreviewAskRsp,7409
GCGChallengeUpdateNotify,7268
GCGBackToDuelReq,7729
GCGBackToDuelRsp,7416
GCGDebugReplayNotify,7932
GCGGameMaxNotify,7666
GCGGameCreateFailReasonNotify,7239
GCGDSDataNotify,7122
GCGDSCardBackUnlockNotify,7265
GCGDSFieldUnlockNotify,7333
GCGDSCardFaceUnlockNotify,7049
GCGDSCardNumChangeNotify,7358
GCGDSChangeCardFaceReq,7169
GCGDSChangeCardFaceRsp,7331
GCGDSChangeCardBackReq,7292
GCGDSChangeCardBackRsp,7044
GCGDSChangeFieldReq,7541
GCGDSChangeFieldRsp,7444
GCGDSChangeDeckNameReq,7432
GCGDSChangeDeckNameRsp,7916
GCGDSDeckSaveReq,7104
GCGDSDeckSaveRsp,7269
GCGDSChangeCurDeckReq,7131
GCGDSChangeCurDeckRsp,7301
GCGDSCurDeckChangeNotify,7796
GCGDSDeleteDeckReq,7988
GCGDSDeleteDeckRsp,7524
GCGDSDeckUnlockNotify,7732
GCGDSCardProficiencyNotify,7680
GCGDSDeckUpdateNotify,7305
GCGDSCardFaceUpdateNotify,7851
GCGDSTakeCardProficiencyRewardReq,7581
GCGDSTakeCardProficiencyRewardRsp,7889
GCGDuelCompareNotify,7884
GCGDSBanCardNotify,7839
GCGTCTavernInfoNotify,7011
GCGTCInviteReq,7922
GCGTCInviteRsp,7328
GCGTCTavernChallengeDataNotify,7294
GCGTCTavernChallengeUpdateNotify,7184
GCGGrowthLevelNotify,7736
GCGGrowthLevelRewardNotify,7477
GCGGrowthLevelTakeRewardReq,7051
GCGGrowthLevelTakeRewardRsp,7670
GCGInviteGuestBattleReq,7783
GCGInviteGuestBattleRsp,7251
GCGInviteBattleNotify,7692
GCGApplyInviteBattleReq,7730
GCGApplyInviteBattleRsp,7304
GCGApplyInviteBattleNotify,7820
GCGWorldPlayerGCGStateReq,7206
GCGWorldPlayerGCGStateRsp,7136
GCGSettleNotify,7769
GCGResourceStateNotify,7876
GCGClientSettleReq,7506
GCGClientSettleRsp,7105
GCGSettleOptionReq,7124
GCGSettleOptionRsp,7735
GCGBasicDataNotify,7319
GCGTavernNpcInfoNotify,7290
GCGStartChallengeReq,7595
GCGStartChallengeRsp,7763
GCGWeekChallengeInfoNotify,7615
GCGStartChallengeByCheckRewardReq,7778
GCGStartChallengeByCheckRewardRsp,7619
GCGLevelChallengeNotify,7055
GCGLevelChallengeFinishNotify,7629
GCGWorldChallengeUnlockNotify,7204
GCGBossChallengeUpdateNotify,7073
GCGLevelChallengeDeleteNotify,7648
QueryPathReq,2372
QueryPathRsp,2398
ObstacleModifyNotify,2312
PathfindingPingNotify,2335
PathfindingEnterSceneReq,2307
PathfindingEnterSceneRsp,2321
GMShowObstacleReq,2361
GMShowObstacleRsp,2329
GMShowNavMeshReq,2357
GMShowNavMeshRsp,2400
NavMeshStatsNotify,2316
RegionSearchNotify,5626
RegionSearchChangeRegionNotify,5618
TakeRegionSearchRewardReq,5625
TakeRegionSearchRewardRsp,5607
GetRegionSearchReq,5602
GetShopReq,772
GetShopRsp,798
BuyGoodsReq,712
BuyGoodsRsp,735
GetShopmallDataReq,707
GetShopmallDataRsp,721
GetActivityShopSheetInfoReq,703
GetActivityShopSheetInfoRsp,790
BatchBuyGoodsReq,773
BatchBuyGoodsRsp,799
GadgetInteractReq,872
GadgetInteractRsp,898
GadgetStateNotify,812
WorktopOptionNotify,835
SelectWorktopOptionReq,807
SelectWorktopOptionRsp,821
BossChestActivateNotify,803
BlossomChestInfoNotify,890
GadgetPlayStartNotify,873
GadgetPlayStopNotify,899
GadgetPlayDataNotify,831
GadgetPlayUidOpNotify,875
GadgetGeneralRewardInfoNotify,848
GadgetAutoPickDropInfoNotify,897
UpdateAbilityCreatedMovingPlatformNotify,881
FoundationReq,805
FoundationRsp,882
FoundationNotify,847
GadgetTalkChangeNotify,839
GadgetChainLevelUpdateNotify,853
GadgetChainLevelChangeNotify,822
VehicleInteractReq,865
VehicleInteractRsp,804
CreateVehicleReq,893
CreateVehicleRsp,827
RequestLiveInfoReq,894
RequestLiveInfoRsp,888
LiveStartNotify,826
ProjectorOptionReq,863
ProjectorOptionRsp,895
LiveEndNotify,806
VehicleStaminaNotify,834
GadgetCustomTreeInfoNotify,850
GadgetChangeLevelTagReq,843
GadgetChangeLevelTagRsp,874
NightCrowGadgetObservationMatchReq,876
NightCrowGadgetObservationMatchRsp,846
DeshretObeliskChestInfoNotify,841
GetGachaInfoReq,1572
GetGachaInfoRsp,1598
DoGachaReq,1512
DoGachaRsp,1535
GachaWishReq,1507
GachaWishRsp,1521
GachaOpenWishNotify,1503
GachaSimpleInfoNotify,1590
AllCoopInfoNotify,1976
MainCoopUpdateNotify,1968
SaveMainCoopReq,1975
SaveMainCoopRsp,1957
FinishMainCoopReq,1952
FinishMainCoopRsp,1981
CoopDataNotify,1979
CoopChapterUpdateNotify,1972
CoopCgUpdateNotify,1994
CoopRewardUpdateNotify,1999
UnlockCoopChapterReq,1970
UnlockCoopChapterRsp,1995
CoopPointUpdateNotify,1991
StartCoopPointReq,1992
StartCoopPointRsp,1964
CancelCoopTaskReq,1997
CancelCoopTaskRsp,1987
TakeCoopRewardReq,1973
TakeCoopRewardRsp,1985
CoopProgressUpdateNotify,1998
SaveCoopDialogReq,2000
SaveCoopDialogRsp,1962
CoopCgShowNotify,1983
SetCoopChapterViewedReq,1965
SetCoopChapterViewedRsp,1963
MainCoopFailNotify,1951
ToTheMoonQueryPathReq,6172
ToTheMoonQueryPathRsp,6198
ToTheMoonPingNotify,6112
ToTheMoonEnterSceneReq,6135
ToTheMoonEnterSceneRsp,6107
ToTheMoonAddObstacleReq,6121
ToTheMoonAddObstacleRsp,6103
ToTheMoonRemoveObstacleReq,6190
ToTheMoonRemoveObstacleRsp,6173
ToTheMoonObstaclesModifyNotify,6199
PlayerRoutineDataNotify,3526
WorldAllRoutineTypeNotify,3518
WorldRoutineTypeRefreshNotify,3525
WorldRoutineChangeNotify,3507
WorldRoutineTypeCloseNotify,3502
PlayerInvestigationAllInfoNotify,1928
TakeInvestigationRewardReq,1912
TakeInvestigationRewardRsp,1922
TakeInvestigationTargetRewardReq,1918
TakeInvestigationTargetRewardRsp,1916
GetInvestigationMonsterReq,1901
GetInvestigationMonsterRsp,1910
PlayerInvestigationNotify,1911
PlayerInvestigationTargetNotify,1929
MarkTargetInvestigationMonsterNotify,1915
InvestigationMonsterUpdateNotify,1906
InvestigationQuestDailyNotify,1921
InvestigationReadQuestDailyNotify,1902
DungeonEntryInfoReq,972
DungeonEntryInfoRsp,998
PlayerEnterDungeonReq,912
PlayerEnterDungeonRsp,935
PlayerQuitDungeonReq,907
PlayerQuitDungeonRsp,921
DungeonWayPointNotify,903
DungeonWayPointActivateReq,990
DungeonWayPointActivateRsp,973
DungeonSettleNotify,999
DungeonPlayerDieNotify,931
DungeonDieOptionReq,975
DungeonDieOptionRsp,948
DungeonShowReminderNotify,997
DungeonPlayerDieReq,981
DungeonPlayerDieRsp,905
DungeonPreloadMonsterNotify,960
DungeonDataNotify,982
DungeonChallengeBeginNotify,947
DungeonChallengeFinishNotify,939
ChallengeDataNotify,953
DungeonFollowNotify,922
DungeonGetStatueDropReq,965
DungeonGetStatueDropRsp,904
ChallengeRecordNotify,993
DungeonCandidateTeamInfoNotify,927
DungeonCandidateTeamInviteNotify,994
DungeonCandidateTeamRefuseNotify,988
DungeonCandidateTeamPlayerLeaveNotify,926
DungeonCandidateTeamDismissNotify,963
DungeonCandidateTeamCreateReq,995
DungeonCandidateTeamCreateRsp,906
DungeonCandidateTeamInviteReq,934
DungeonCandidateTeamInviteRsp,950
DungeonCandidateTeamKickReq,943
DungeonCandidateTeamKickRsp,974
DungeonCandidateTeamLeaveReq,976
DungeonCandidateTeamLeaveRsp,946
DungeonCandidateTeamReplyInviteReq,941
DungeonCandidateTeamReplyInviteRsp,949
DungeonCandidateTeamSetReadyReq,991
DungeonCandidateTeamSetReadyRsp,924
DungeonCandidateTeamChangeAvatarReq,956
DungeonCandidateTeamChangeAvatarRsp,942
GetDailyDungeonEntryInfoReq,930
GetDailyDungeonEntryInfoRsp,967
DungeonSlipRevivePointActivateReq,958
DungeonSlipRevivePointActivateRsp,970
DungeonInterruptChallengeReq,917
DungeonInterruptChallengeRsp,902
InteractDailyDungeonInfoNotify,919
DungeonRestartReq,961
DungeonRestartRsp,929
DungeonRestartInviteNotify,957
DungeonRestartInviteReplyReq,1000
DungeonRestartInviteReplyRsp,916
DungeonRestartInviteReplyNotify,987
DungeonRestartResultNotify,940
DungeonCandidateTeamSetChangingAvatarReq,918
DungeonCandidateTeamSetChangingAvatarRsp,966
MistTrialFloorLevelNotify,968
DungeonReviseLevelNotify,933
QuestListNotify,472
QuestListUpdateNotify,498
QuestDelNotify,412
FinishedParentQuestNotify,435
FinishedParentQuestUpdateNotify,407
AddQuestContentProgressReq,421
AddQuestContentProgressRsp,403
GetQuestTalkHistoryReq,490
GetQuestTalkHistoryRsp,473
QuestCreateEntityReq,499
QuestCreateEntityRsp,431
QuestDestroyEntityReq,475
QuestDestroyEntityRsp,448
ChapterStateNotify,405
QuestProgressUpdateNotify,482
QuestUpdateQuestVarReq,447
QuestUpdateQuestVarRsp,439
QuestUpdateQuestVarNotify,453
QuestDestroyNpcReq,422
QuestDestroyNpcRsp,465
BargainStartNotify,404
BargainOfferPriceReq,493
BargainOfferPriceRsp,427
BargainTerminateNotify,494
GetBargainDataReq,488
GetBargainDataRsp,426
GetAllActivatedBargainDataReq,463
GetAllActivatedBargainDataRsp,495
ServerCondMeetQuestListUpdateNotify,406
QuestGlobalVarNotify,434
QuestTransmitReq,450
QuestTransmitRsp,443
PersonalLineAllDataReq,474
PersonalLineAllDataRsp,476
RedeemLegendaryKeyReq,446
RedeemLegendaryKeyRsp,441
UnlockPersonalLineReq,449
UnlockPersonalLineRsp,491
CancelFinishParentQuestNotify,424
QuestUpdateQuestTimeVarNotify,456
PersonalLineNewUnlockNotify,442
NpcTalkStateNotify,430
GetQuestLackingResourceReq,467
GetQuestLackingResourceRsp,458
GetParentQuestVideoKeyReq,470
GetParentQuestVideoKeyRsp,417
ParentQuestInferenceDataNotify,402
InterpretInferenceWordReq,419
InterpretInferenceWordRsp,461
AssociateInferenceWordReq,429
AssociateInferenceWordRsp,457
SubmitInferenceWordReq,500
SubmitInferenceWordRsp,416
QuestRenameAvatarReq,487
QuestRenameAvatarRsp,440
GalleryStartNotify,5572
GalleryBalloonShootNotify,5598
GalleryBalloonScoreNotify,5512
GalleryStopNotify,5535
GalleryFallCatchNotify,5507
GalleryFallScoreNotify,5521
GetAllSceneGalleryInfoReq,5503
GetAllSceneGalleryInfoRsp,5590
GalleryFlowerCatchNotify,5573
GalleryPreStartNotify,5599
GalleryBulletHitNotify,5531
GalleryBrokenFloorFallNotify,5575
InterruptGalleryReq,5548
InterruptGalleryRsp,5597
SceneGalleryInfoNotify,5581
GalleryBounceConjuringHitNotify,5505
GallerySumoKillMonsterNotify,5582
GalleryCrystalLinkKillMonsterNotify,5547
GalleryCrystalLinkBuffInfoNotify,5539
HomeGalleryInPlayingNotify,5553
GalleryIslandPartyDownHillInfoNotify,5522
IslandPartyRaftInfoNotify,5565
IslandPartySailInfoNotify,5504
BackRebornGalleryReq,5593
BackRebornGalleryRsp,5527
GalleryWillStartCountdownNotify,5594
InstableSprayGalleryInfoNotify,5588
WindFieldGalleryInfoNotify,5526
WindFieldGalleryChallengeInfoNotify,5563
FungusFighterTrainingInfoNotify,5595
FungusCaptureSettleNotify,5506
HideAndSeekPlayerCapturedNotify,5534
CoinCollectGallerySettleNotify,5550
RegionalPlayInfoNotify,6276
DeathZoneInfoNotify,6268
PlayerDeathZoneNotify,6275
EntityPropNotify,1272
LifeStateChangeNotify,1298
EntityFightPropNotify,1212
EntityFightPropUpdateNotify,1235
AvatarFightPropNotify,1207
AvatarFightPropUpdateNotify,1221
EntityFightPropChangeReasonNotify,1203
AvatarLifeStateChangeNotify,1290
AvatarPropChangeReasonNotify,1273
PlayerPropChangeReasonNotify,1299
AvatarPropNotify,1231
MarkNewNotify,1275
AbilityInvocationFixedNotify,1172
AbilityInvocationsNotify,1198
ClientAbilityInitBeginNotify,1112
ClientAbilityInitFinishNotify,1135
AbilityInvocationFailNotify,1107
ClientAbilitiesInitFinishCombineNotify,1103
WindSeedClientNotify,1199
AbilityChangeNotify,1131
ClientAbilityChangeNotify,1175
ServerUpdateGlobalValueNotify,1148
ServerGlobalValueChangeNotify,1197
ClientAIStateNotify,1181
ServerCombatEndNotify,1105
ClientRemoveCombatEndModifierNotify,1182
PerformOperationNotify,1147
BattlePassAllDataNotify,2626
BattlePassMissionUpdateNotify,2618
BattlePassMissionDelNotify,2625
BattlePassCurScheduleUpdateNotify,2607
TakeBattlePassRewardReq,2602
TakeBattlePassRewardRsp,2631
TakeBattlePassMissionPointReq,2629
TakeBattlePassMissionPointRsp,2622
GetBattlePassProductReq,2644
GetBattlePassProductRsp,2649
SetBattlePassViewedReq,2641
SetBattlePassViewedRsp,2642
BattlePassBuySuccNotify,2614
BuyBattlePassLevelReq,2647
BuyBattlePassLevelRsp,2637
PrivateChatReq,5022
PrivateChatRsp,5048
PrivateChatNotify,4962
PullPrivateChatReq,4971
PullPrivateChatRsp,4953
PullRecentChatReq,5040
PullRecentChatRsp,5023
ReadPrivateChatReq,5049
ReadPrivateChatRsp,4981
ChatChannelUpdateNotify,5025
ChatChannelDataNotify,4998
ChatChannelShieldNotify,5047
ChatChannelInfoNotify,5031
GetCityReputationInfoReq,2872
GetCityReputationInfoRsp,2898
TakeCityReputationLevelRewardReq,2812
TakeCityReputationLevelRewardRsp,2835
CityReputationLevelupNotify,2807
TakeCityReputationParentQuestReq,2821
TakeCityReputationParentQuestRsp,2803
AcceptCityReputationRequestReq,2890
AcceptCityReputationRequestRsp,2873
CancelCityReputationRequestReq,2899
CancelCityReputationRequestRsp,2831
GetCityReputationMapInfoReq,2875
GetCityReputationMapInfoRsp,2848
TakeCityReputationExploreRewardReq,2897
TakeCityReputationExploreRewardRsp,2881
CityReputationDataNotify,2805
